{"Iid":"Fishery.Extension.Cephei.Modern","Name":"增强工具","Author":"Cephei","Version":"0.0.1","VersionCode":1,"Summary":"为系统扩充功能，提升系统易用性的插件。","EntryPoint":"extensions/Fishery.Extension.Cephei.Modern.dll","FileList":["dependencies/Fishery.Extension.Cephei.Modern/ICSharpCode.SharpZipLib.dll","extensions/Fishery.Extension.Cephei.Modern.dll"],"MetaDependencies":[{"Name":"Fishery.Extension.Cephei.Modern.Meta","VersionCode":1},{"Name":"Fishery.Extension.Cephei.Network.Meta","VersionCode":1}],"Dependencies":[],"UpdateLog":[],"ReleaseTime":"2020-06-27T16:45:21.819644+08:00"}