{"Iid":"Fishery.Extension.Cephei.Aria2Downloader","Name":"Aria2 下载","Author":"Cephei","Version":"0.0.1","VersionCode":1,"Summary":"接入 Aria2 的插件，为其他插件提供下载功能。","EntryPoint":"extensions/Fishery.Extension.Cephei.Aria2Downloader.dll","FileList":["dependencies/Fishery.Extension.Cephei.Aria2Downloader/Lib.CSharp.Aria2CSharpWrapper.dll","dependencies/Fishery.Extension.Cephei.Aria2Downloader/Sapphire.Windows.Net.dll","dependencies/Fishery.Extension.Cephei.Aria2Downloader/Sapphire.Windows.Utils.dll","dependencies/Fishery.Extension.Cephei.Aria2Downloader/Newtonsoft.Json.dll","dependencies/Fishery.Extension.Cephei.Aria2Downloader/Newtonsoft.Json.dll","dependencies/Fishery.Extension.Cephei.Aria2Downloader/Sapphire.Windows.Utils.dll","dependencies/Fishery.Extension.Cephei.Aria2Downloader/Newtonsoft.Json.dll","extensions/Fishery.Extension.Cephei.Aria2Downloader.dll"],"MetaDependencies":[{"Name":"Fishery.Extension.Cephei.Download.Meta","VersionCode":1}],"Dependencies":[],"UpdateLog":[],"ReleaseTime":"2020-06-27T17:24:59.3817075+08:00"}