{"Iid":"Fishery.Extension.Cephei.Movie","Name":"影片管理","Author":"Cephei","Version":"0.0.1","VersionCode":1,"Summary":"提供影片的收藏管理功能，亦可以从订阅源获取指定规则的电影信息并根据该信息下载对应的影片。","EntryPoint":"extensions/Fishery.Extension.Cephei.Movie.dll","FileList":["extensions/Fishery.Extension.Cephei.Movie.dll"],"MetaDependencies":[{"Name":"Fishery.Extension.Cephei.Movie.Meta","VersionCode":1},{"Name":"Fishery.Extension.Cephei.Network.Meta","VersionCode":1},{"Name":"Fishery.Extension.Cephei.Download.Meta","VersionCode":1},{"Name":"Fishery.Extension.Cephei.Cache.Meta","VersionCode":1}],"Dependencies":[],"UpdateLog":[],"ReleaseTime":"2020-06-27T17:32:29.7264834+08:00"}