{"Iid":"Fishery.Extension.Cephei.Modern","Name":"增强工具","Author":"Cephei","Version":"0.0.2","VersionCode":2,"Summary":"为系统扩充功能，提升系统易用性的插件。","EntryPoint":"extensions/Fishery.Extension.Cephei.Modern.dll","FileList":["dependencies/Fishery.Extension.Cephei.Modern/ICSharpCode.SharpZipLib.dll","extensions/Fishery.Extension.Cephei.Modern.dll"],"MetaDependencies":[{"Name":"Fishery.Extension.Cephei.Modern.Meta","VersionCode":1},{"Name":"Fishery.Extension.Cephei.Network.Meta","VersionCode":1}],"Dependencies":[],"UpdateLog":[{"OriginalVersionCode":1,"TargetVersionCode":2,"OriginalVersion":"1","TargetVersion":"0.0.2","UpdateContent":"修改默认仓库地址"}],"ReleaseTime":"2020-06-27T16:53:37.7329442+08:00"}