{"Iid":"Fishery.Extension.Cephei.Network","Name":"网络库","Author":"Cephei","Version":"0.0.1","VersionCode":1,"Summary":"提供基础的基于Http协议的访问与被访问能力，通过此扩展其它扩展便可访问网络资源，亦可提供供用户访问的API。","EntryPoint":"extensions/Fishery.Extension.Cephei.Network.dll","FileList":["dependencies/Fishery.Extension.Cephei.Network/Sapphire.Windows.Net.dll","dependencies/Fishery.Extension.Cephei.Network/Sapphire.Windows.Utils.dll","dependencies/Fishery.Extension.Cephei.Network/Newtonsoft.Json.dll","extensions/Fishery.Extension.Cephei.Network.dll"],"MetaDependencies":[{"Name":"Fishery.Extension.Cephei.Network.Meta","VersionCode":1}],"Dependencies":[],"UpdateLog":[],"ReleaseTime":"2020-06-27T16:43:13.316372+08:00"}