{"Iid":"Fishery.Extension.Cephei.DouBan","Name":"豆瓣","Author":"Cephei","Version":"0.0.1","VersionCode":1,"Summary":"从豆瓣获取需要的资源信息。","EntryPoint":"extensions/Fishery.Extension.Cephei.DouBan.dll","FileList":["extensions/Fishery.Extension.Cephei.DouBan.dll"],"MetaDependencies":[{"Name":"Fishery.Extension.Cephei.Movie.Meta","VersionCode":1},{"Name":"Fishery.Extension.Cephei.Network.Meta","VersionCode":1}],"Dependencies":[],"UpdateLog":[],"ReleaseTime":"2020-06-27T17:33:47.6302839+08:00"}