{"Iid":"Fishery.Extension.Cephei.WeiXin","Name":"微信消息","Author":"Cephei","Version":"0.0.1","VersionCode":1,"Summary":"能够从微信接收消息并进行回复的插件（本插件需配合 WeChatJanitor 一起使用）。","EntryPoint":"extensions/Fishery.Extension.Cephei.WeiXin.dll","FileList":["extensions/Fishery.Extension.Cephei.WeiXin.dll"],"MetaDependencies":[{"Name":"Fishery.Extension.Cephei.WeiXin.Meta","VersionCode":1},{"Name":"Fishery.Extension.Cephei.Network.Meta","VersionCode":1}],"Dependencies":[],"UpdateLog":[],"ReleaseTime":"2020-06-27T17:01:31.7448667+08:00"}