{"Iid":"Fishery.Extension.Cephei.Cache","Name":"外部缓存","Author":"Cephei","Version":"0.0.1","VersionCode":1,"Summary":"为其他插件提供永久性的文件缓存访问功能。","EntryPoint":"extensions/Fishery.Extension.Cephei.Cache.dll","FileList":["extensions/Fishery.Extension.Cephei.Cache.dll"],"MetaDependencies":[{"Name":"Fishery.Extension.Cephei.Cache.Meta","VersionCode":1},{"Name":"Fishery.Extension.Cephei.Network.Meta","VersionCode":1}],"Dependencies":[],"UpdateLog":[],"ReleaseTime":"2020-06-27T17:28:57.5381378+08:00"}