{"Iid":"Fishery.Extension.Cephei.WebArchiver","Name":"网页归档","Author":"Cephei","Version":"0.0.1","VersionCode":1,"Summary":"将指定的网页进行归档存储的插件。","EntryPoint":"extensions/Fishery.Extension.Cephei.WebArchiver.dll","FileList":["dependencies/Fishery.Extension.Cephei.WebArchiver/HtmlAgilityPack.dll","extensions/Fishery.Extension.Cephei.WebArchiver.dll"],"MetaDependencies":[{"Name":"Fishery.Extension.Cephei.Network.Meta","VersionCode":1},{"Name":"Fishery.Extension.Cephei.WebArchiver.Meta","VersionCode":1},{"Name":"Fishery.Extension.Cephei.WeiXin.Meta","VersionCode":1}],"Dependencies":[],"UpdateLog":[],"ReleaseTime":"2020-06-27T16:59:22.0339343+08:00"}