{"Iid":"Fishery.Extension.Cephei.Btbtdy","Name":"BT 电影天堂","Author":"Cephei","Version":"0.0.1","VersionCode":1,"Summary":"从 BT 电影天堂获取指定影片的下载地址。","EntryPoint":"extensions/Fishery.Extension.Cephei.Btbtdy.dll","FileList":["extensions/Fishery.Extension.Cephei.Btbtdy.dll"],"MetaDependencies":[{"Name":"Fishery.Extension.Cephei.Movie.Meta","VersionCode":1},{"Name":"Fishery.Extension.Cephei.Network.Meta","VersionCode":1}],"Dependencies":[],"UpdateLog":[],"ReleaseTime":"2020-06-27T17:26:40.8285458+08:00"}